Workbook
Name PurposeList: Labels!$A$2:$A$1000
Name StatusList: Labels!$C$2:$C$1000
Name ToneList: Labels!$B$2:$B$1000

Sheet Labels
A1: Purpose | B1: Tone | C1: Status | E1: How to use
A2: Reference | B2: Epic | C2: Idea | E2: 1) Load or paste your file query into Files!AA:AE
A3: Teaser | B3: Mysterious | C3: Fragment | E3: 2) In Files!AG:AK, paste filenames as VALUES and tag Purpose/Tone/Status
A4: Lore Drop | B4: Satirical | C4: Draft | E4: 3) Use the assets sheet as the dashboard/view
A5: Campaign Anchor | B5: Playful | C5: Usable
A6: Mood Piece | B6: Propagandistic | C6: Refined
A7: Product Insert | B7: Intimate | C7: Published
A8: Parody Ad | B8: Wistful
A9: Promo | B9: Eerie

Sheet Files
A1: Master data lives here | AA1: Name | AB1: Medium | AC1: Faction | AD1: Subject | AE1: Filepath | AF1: Name | AG1: Purpose | AH1: Tone | AI1: Status | AJ1: Notes
A2: AA:AE = imported/query data | AA2: 6405992569a44c3b243e3eda3ab45079.webp | AB2: Art | AC2: Bizi | AD2: Characters | AE2: C:\Users\gjoep\OneDrive\Desktop\Creative Systems\Archive\Art\Bizi\Characters\6405992569a44c3b243e3eda3ab45079.webp | AF2: 6405992569a44c3b243e3eda3ab45079.webp | AG2: Reference
A3: AG:AK = stable metadata table keyed by Name | AA3: biztran.webp | AB3: Art | AC3: Bizi | AD3: Characters | AE3: C:\Users\gjoep\OneDrive\Desktop\Creative Systems\Archive\Art\Bizi\Characters\biztran.webp | AF3: biztran.webp
A4: When new files appear, copy any new names from AA and paste VALUES into AG. | AA4: bizz.jpg | AB4: Art | AC4: Bizi | AD4: Characters | AE4: C:\Users\gjoep\OneDrive\Desktop\Creative Systems\Archive\Art\Bizi\Characters\bizz.jpg | AF4: bizz.jpg
AA5: DALLE_2023-07-02_15.55.25.webp | AB5: Art | AC5: Bizi | AD5: Characters | AE5: C:\Users\gjoep\OneDrive\Desktop\Creative Systems\Archive\Art\Bizi\Characters\DALLE_2023-07-02_15.55.25.webp | AF5: DALLE_2023-07-02_15.55.25.webp
AA6: focus.jpg | AB6: Art | AC6: Bizi | AD6: Characters | AE6: C:\Users\gjoep\OneDrive\Desktop\Creative Systems\Archive\Art\Bizi\Characters\focus.jpg | AF6: focus.jpg
AA7: hera.webp | AB7: Art | AC7: Bizi | AD7: Characters | AE7: C:\Users\gjoep\OneDrive\Desktop\Creative Systems\Archive\Art\Bizi\Characters\hera.webp | AF7: hera.webp
AA8: idesax.png | AB8: Art | AC8: Bizi | AD8: Characters | AE8: C:\Users\gjoep\OneDrive\Desktop\Creative Systems\Archive\Art\Bizi\Characters\idesax.png | AF8: image.png
AA9: image.png | AB9: Art | AC9: Bizi | AD9: Characters | AE9: C:\Users\gjoep\OneDrive\Desktop\Creative Systems\Archive\Art\Bizi\Characters\image.png | AF9: image.webp
AA10: image.webp | AB10: Art | AC10: Bizi | AD10: Characters | AE10: C:\Users\gjoep\OneDrive\Desktop\Creative Systems\Archive\Art\Bizi\Characters\image.webp | AF10: trainbizi.webp
AA11: trainbizi.webp | AB11: Art | AC11: Bizi | AD11: Concepts | AE11: C:\Users\gjoep\OneDrive\Desktop\Creative Systems\Archive\Art\Bizi\Concepts\trainbizi.webp | AF11: trainbizi2.webp
AA12: trainbizi2.webp | AB12: Art | AC12: Bizi | AD12: Concepts | AE12: C:\Users\gjoep\OneDrive\Desktop\Creative Systems\Archive\Art\Bizi\Concepts\trainbizi2.webp | AF12: trainnnn.webp
AA13: trainnnn.webp | AB13: Art | AC13: Bizi | AD13: Concepts | AE13: C:\Users\gjoep\OneDrive\Desktop\Creative Systems\Archive\Art\Bizi\Concepts\trainnnn.webp | AF13: bizz2.jpg
AA14: bizz2.jpg | AB14: Art | AC14: Bizi | AD14: Events | AE14: C:\Users\gjoep\OneDrive\Desktop\Creative Systems\Archive\Art\Bizi\Events\bizz2.jpg | AF14: bizi 3 1.jpg
AA15: bizi 3 1.jpg | AB15: Art | AC15: Bizi | AD15: Places | AE15: C:\Users\gjoep\OneDrive\Desktop\Creative Systems\Archive\Art\Bizi\Places\bizi 3 1.jpg | AF15: bizi 3 2.jpg
AA16: bizi 3 2.jpg | AB16: Art | AC16: Bizi | AD16: Places | AE16: C:\Users\gjoep\OneDrive\Desktop\Creative Systems\Archive\Art\Bizi\Places\bizi 3 2.jpg | AF16: Steampunk_constantinople_in_sepiaa.webp
... AA143: sheen_greenhouse.webp | AB143: Art | AC143: Sheen | AD143: Places | AE143: C:\Users\gjoep\OneDrive\Desktop\Creative Systems\Archive\Art\Sheen\Places\sheen_greenhouse.webp | AF143: vqmkth_8c4547877916295f605ada30e7badc479647e280.webp
AA144: vfxvi9_5e8cbf6c80431c519c3886d270fd7fb40eb0e5ce.webp | AB144: Art | AC144: Sheen | AD144: Places | AE144: C:\Users\gjoep\OneDrive\Desktop\Creative Systems\Archive\Art\Sheen\Places\vfxvi9_5e8cbf6c80431c519c3886d270fd7fb40eb0e5ce.webp | AG144: Reference
AA145: vqmkth_8c4547877916295f605ada30e7badc479647e280.webp | AB145: Art | AC145: Sheen | AD145: Places | AE145: C:\Users\gjoep\OneDrive\Desktop\Creative Systems\Archive\Art\Sheen\Places\vqmkth_8c4547877916295f605ada30e7badc479647e280.webp

Sheet assets
A1: Name | B1: Medium | C1: Faction | D1: Subject | E1: Purpose | F1: Tone | G1: Status | H1: Needs Tag | I1: Filepath | J1: Link | L1: Dashboard
A2: {=IFERROR(INDEX(Files!$AA:$AA,ROW()),"")} -> 6405992569a44c3b243e3eda3ab45079.webp | B2: =_xlfn.XLOOKUP($A2,Files!$AA:$AA,Files!$AB:$AB,"") -> Art | C2: =_xlfn.XLOOKUP($A2,Files!$AA:$AA,Files!$AC:$AC,"") -> Bizi | D2: =_xlfn.XLOOKUP($A2,Files!$AA:$AA,Files!$AD:$AD,"") -> Characters | E2: =_xlfn.XLOOKUP($A2,Files!$AF:$AF,Files!$AG:$AG,"") -> Reference | F2: =_xlfn.XLOOKUP($A2,Files!$AF:$AF,Files!$AH:$AH,"") -> 0 | G2: =_xlfn.XLOOKUP($A2,Files!$AF:$AF,Files!$AI:$AI,"") -> 0 | H2: =IF($E2="","NEEDS TAG","") | I2: =_xlfn.XLOOKUP($A2,Files!$AA:$AA,Files!$AE:$AE,"") -> C:\Users\gjoep\OneDrive\Desktop\Creative Systems\Archive\Art\Bizi\Characters\6405992569a44c3b243e3eda3ab45079.webp | J2: =IF($I2="","",HYPERLINK($I2,"Open")) -> Open | L2: This sheet is a view. Do not type source data here.
A3: {=IFERROR(INDEX(Files!$AA:$AA,ROW()),"")} -> biztran.webp | B3: =_xlfn.XLOOKUP($A3,Files!$AA:$AA,Files!$AB:$AB,"") -> Art | C3: =_xlfn.XLOOKUP($A3,Files!$AA:$AA,Files!$AC:$AC,"") -> Bizi | D3: =_xlfn.XLOOKUP($A3,Files!$AA:$AA,Files!$AD:$AD,"") -> Characters | E3: =_xlfn.XLOOKUP($A3,Files!$AF:$AF,Files!$AG:$AG,"") -> 0 | F3: =_xlfn.XLOOKUP($A3,Files!$AF:$AF,Files!$AH:$AH,"") -> 0 | G3: =_xlfn.XLOOKUP($A3,Files!$AF:$AF,Files!$AI:$AI,"") -> 0 | H3: =IF($E3="","NEEDS TAG","") | I3: =_xlfn.XLOOKUP($A3,Files!$AA:$AA,Files!$AE:$AE,"") -> C:\Users\gjoep\OneDrive\Desktop\Creative Systems\Archive\Art\Bizi\Characters\biztran.webp | J3: =IF($I3="","",HYPERLINK($I3,"Open")) -> Open | L3: Filter row 1 to browse by faction, subject, purpose, status, etc.
A4: {=IFERROR(INDEX(Files!$AA:$AA,ROW()),"")} -> bizz.jpg | B4: =_xlfn.XLOOKUP($A4,Files!$AA:$AA,Files!$AB:$AB,"") -> Art | C4: =_xlfn.XLOOKUP($A4,Files!$AA:$AA,Files!$AC:$AC,"") -> Bizi | D4: =_xlfn.XLOOKUP($A4,Files!$AA:$AA,Files!$AD:$AD,"") -> Characters | E4: =_xlfn.XLOOKUP($A4,Files!$AF:$AF,Files!$AG:$AG,"") -> 0 | F4: =_xlfn.XLOOKUP($A4,Files!$AF:$AF,Files!$AH:$AH,"") -> 0 | G4: =_xlfn.XLOOKUP($A4,Files!$AF:$AF,Files!$AI:$AI,"") -> 0 | H4: =IF($E4="","NEEDS TAG","") | I4: =_xlfn.XLOOKUP($A4,Files!$AA:$AA,Files!$AE:$AE,"") -> C:\Users\gjoep\OneDrive\Desktop\Creative Systems\Archive\Art\Bizi\Characters\bizz.jpg | J4: =IF($I4="","",HYPERLINK($I4,"Open")) -> Open
A5: {=IFERROR(INDEX(Files!$AA:$AA,ROW()),"")} -> DALLE_2023-07-02_15.55.25.webp | B5: =_xlfn.XLOOKUP($A5,Files!$AA:$AA,Files!$AB:$AB,"") -> Art | C5: =_xlfn.XLOOKUP($A5,Files!$AA:$AA,Files!$AC:$AC,"") -> Bizi | D5: =_xlfn.XLOOKUP($A5,Files!$AA:$AA,Files!$AD:$AD,"") -> Characters | E5: =_xlfn.XLOOKUP($A5,Files!$AF:$AF,Files!$AG:$AG,"") -> 0 | F5: =_xlfn.XLOOKUP($A5,Files!$AF:$AF,Files!$AH:$AH,"") -> 0 | G5: =_xlfn.XLOOKUP($A5,Files!$AF:$AF,Files!$AI:$AI,"") -> 0 | H5: =IF($E5="","NEEDS TAG","") | I5: =_xlfn.XLOOKUP($A5,Files!$AA:$AA,Files!$AE:$AE,"") -> C:\Users\gjoep\OneDrive\Desktop\Creative Systems\Archive\Art\Bizi\Characters\DALLE_2023-07-02_15.55.25.webp | J5: =IF($I5="","",HYPERLINK($I5,"Open")) -> Open
A6: {=IFERROR(INDEX(Files!$AA:$AA,ROW()),"")} -> focus.jpg | B6: =_xlfn.XLOOKUP($A6,Files!$AA:$AA,Files!$AB:$AB,"") -> Art | C6: =_xlfn.XLOOKUP($A6,Files!$AA:$AA,Files!$AC:$AC,"") -> Bizi | D6: =_xlfn.XLOOKUP($A6,Files!$AA:$AA,Files!$AD:$AD,"") -> Characters | E6: =_xlfn.XLOOKUP($A6,Files!$AF:$AF,Files!$AG:$AG,"") -> 0 | F6: =_xlfn.XLOOKUP($A6,Files!$AF:$AF,Files!$AH:$AH,"") -> 0 | G6: =_xlfn.XLOOKUP($A6,Files!$AF:$AF,Files!$AI:$AI,"") -> 0 | H6: =IF($E6="","NEEDS TAG","") | I6: =_xlfn.XLOOKUP($A6,Files!$AA:$AA,Files!$AE:$AE,"") -> C:\Users\gjoep\OneDrive\Desktop\Creative Systems\Archive\Art\Bizi\Characters\focus.jpg | J6: =IF($I6="","",HYPERLINK($I6,"Open")) -> Open
A7: {=IFERROR(INDEX(Files!$AA:$AA,ROW()),"")} -> hera.webp | B7: =_xlfn.XLOOKUP($A7,Files!$AA:$AA,Files!$AB:$AB,"") -> Art | C7: =_xlfn.XLOOKUP($A7,Files!$AA:$AA,Files!$AC:$AC,"") -> Bizi | D7: =_xlfn.XLOOKUP($A7,Files!$AA:$AA,Files!$AD:$AD,"") -> Characters | E7: =_xlfn.XLOOKUP($A7,Files!$AF:$AF,Files!$AG:$AG,"") -> 0 | F7: =_xlfn.XLOOKUP($A7,Files!$AF:$AF,Files!$AH:$AH,"") -> 0 | G7: =_xlfn.XLOOKUP($A7,Files!$AF:$AF,Files!$AI:$AI,"") -> 0 | H7: =IF($E7="","NEEDS TAG","") | I7: =_xlfn.XLOOKUP($A7,Files!$AA:$AA,Files!$AE:$AE,"") -> C:\Users\gjoep\OneDrive\Desktop\Creative Systems\Archive\Art\Bizi\Characters\hera.webp | J7: =IF($I7="","",HYPERLINK($I7,"Open")) -> Open
A8: {=IFERROR(INDEX(Files!$AA:$AA,ROW()),"")} -> idesax.png | B8: =_xlfn.XLOOKUP($A8,Files!$AA:$AA,Files!$AB:$AB,"") -> Art | C8: =_xlfn.XLOOKUP($A8,Files!$AA:$AA,Files!$AC:$AC,"") -> Bizi | D8: =_xlfn.XLOOKUP($A8,Files!$AA:$AA,Files!$AD:$AD,"") -> Characters | E8: =_xlfn.XLOOKUP($A8,Files!$AF:$AF,Files!$AG:$AG,"") | F8: =_xlfn.XLOOKUP($A8,Files!$AF:$AF,Files!$AH:$AH,"") | G8: =_xlfn.XLOOKUP($A8,Files!$AF:$AF,Files!$AI:$AI,"") | H8: =IF($E8="","NEEDS TAG","") -> NEEDS TAG | I8: =_xlfn.XLOOKUP($A8,Files!$AA:$AA,Files!$AE:$AE,"") -> C:\Users\gjoep\OneDrive\Desktop\Creative Systems\Archive\Art\Bizi\Characters\idesax.png | J8: =IF($I8="","",HYPERLINK($I8,"Open")) -> Open
A9: {=IFERROR(INDEX(Files!$AA:$AA,ROW()),"")} -> image.png | B9: =_xlfn.XLOOKUP($A9,Files!$AA:$AA,Files!$AB:$AB,"") -> Art | C9: =_xlfn.XLOOKUP($A9,Files!$AA:$AA,Files!$AC:$AC,"") -> Bizi | D9: =_xlfn.XLOOKUP($A9,Files!$AA:$AA,Files!$AD:$AD,"") -> Characters | E9: =_xlfn.XLOOKUP($A9,Files!$AF:$AF,Files!$AG:$AG,"") -> 0 | F9: =_xlfn.XLOOKUP($A9,Files!$AF:$AF,Files!$AH:$AH,"") -> 0 | G9: =_xlfn.XLOOKUP($A9,Files!$AF:$AF,Files!$AI:$AI,"") -> 0 | H9: =IF($E9="","NEEDS TAG","") | I9: =_xlfn.XLOOKUP($A9,Files!$AA:$AA,Files!$AE:$AE,"") -> C:\Users\gjoep\OneDrive\Desktop\Creative Systems\Archive\Art\Bizi\Characters\image.png | J9: =IF($I9="","",HYPERLINK($I9,"Open")) -> Open
A10: {=IFERROR(INDEX(Files!$AA:$AA,ROW()),"")} -> image.webp | B10: =_xlfn.XLOOKUP($A10,Files!$AA:$AA,Files!$AB:$AB,"") -> Art | C10: =_xlfn.XLOOKUP($A10,Files!$AA:$AA,Files!$AC:$AC,"") -> Bizi | D10: =_xlfn.XLOOKUP($A10,Files!$AA:$AA,Files!$AD:$AD,"") -> Characters | E10: =_xlfn.XLOOKUP($A10,Files!$AF:$AF,Files!$AG:$AG,"") -> 0 | F10: =_xlfn.XLOOKUP($A10,Files!$AF:$AF,Files!$AH:$AH,"") -> 0 | G10: =_xlfn.XLOOKUP($A10,Files!$AF:$AF,Files!$AI:$AI,"") -> 0 | H10: =IF($E10="","NEEDS TAG","") | I10: =_xlfn.XLOOKUP($A10,Files!$AA:$AA,Files!$AE:$AE,"") -> C:\Users\gjoep\OneDrive\Desktop\Creative Systems\Archive\Art\Bizi\Characters\image.webp | J10: =IF($I10="","",HYPERLINK($I10,"Open")) -> Open
A11: {=IFERROR(INDEX(Files!$AA:$AA,ROW()),"")} -> trainbizi.webp | B11: =_xlfn.XLOOKUP($A11,Files!$AA:$AA,Files!$AB:$AB,"") -> Art | C11: =_xlfn.XLOOKUP($A11,Files!$AA:$AA,Files!$AC:$AC,"") -> Bizi | D11: =_xlfn.XLOOKUP($A11,Files!$AA:$AA,Files!$AD:$AD,"") -> Concepts | E11: =_xlfn.XLOOKUP($A11,Files!$AF:$AF,Files!$AG:$AG,"") -> 0 | F11: =_xlfn.XLOOKUP($A11,Files!$AF:$AF,Files!$AH:$AH,"") -> 0 | G11: =_xlfn.XLOOKUP($A11,Files!$AF:$AF,Files!$AI:$AI,"") -> 0 | H11: =IF($E11="","NEEDS TAG","") | I11: =_xlfn.XLOOKUP($A11,Files!$AA:$AA,Files!$AE:$AE,"") -> C:\Users\gjoep\OneDrive\Desktop\Creative Systems\Archive\Art\Bizi\Concepts\trainbizi.webp | J11: =IF($I11="","",HYPERLINK($I11,"Open")) -> Open
A12: {=IFERROR(INDEX(Files!$AA:$AA,ROW()),"")} -> trainbizi2.webp | B12: =_xlfn.XLOOKUP($A12,Files!$AA:$AA,Files!$AB:$AB,"") -> Art | C12: =_xlfn.XLOOKUP($A12,Files!$AA:$AA,Files!$AC:$AC,"") -> Bizi | D12: =_xlfn.XLOOKUP($A12,Files!$AA:$AA,Files!$AD:$AD,"") -> Concepts | E12: =_xlfn.XLOOKUP($A12,Files!$AF:$AF,Files!$AG:$AG,"") -> 0 | F12: =_xlfn.XLOOKUP($A12,Files!$AF:$AF,Files!$AH:$AH,"") -> 0 | G12: =_xlfn.XLOOKUP($A12,Files!$AF:$AF,Files!$AI:$AI,"") -> 0 | H12: =IF($E12="","NEEDS TAG","") | I12: =_xlfn.XLOOKUP($A12,Files!$AA:$AA,Files!$AE:$AE,"") -> C:\Users\gjoep\OneDrive\Desktop\Creative Systems\Archive\Art\Bizi\Concepts\trainbizi2.webp | J12: =IF($I12="","",HYPERLINK($I12,"Open")) -> Open
A13: {=IFERROR(INDEX(Files!$AA:$AA,ROW()),"")} -> trainnnn.webp | B13: =_xlfn.XLOOKUP($A13,Files!$AA:$AA,Files!$AB:$AB,"") -> Art | C13: =_xlfn.XLOOKUP($A13,Files!$AA:$AA,Files!$AC:$AC,"") -> Bizi | D13: =_xlfn.XLOOKUP($A13,Files!$AA:$AA,Files!$AD:$AD,"") -> Concepts | E13: =_xlfn.XLOOKUP($A13,Files!$AF:$AF,Files!$AG:$AG,"") -> 0 | F13: =_xlfn.XLOOKUP($A13,Files!$AF:$AF,Files!$AH:$AH,"") -> 0 | G13: =_xlfn.XLOOKUP($A13,Files!$AF:$AF,Files!$AI:$AI,"") -> 0 | H13: =IF($E13="","NEEDS TAG","") | I13: =_xlfn.XLOOKUP($A13,Files!$AA:$AA,Files!$AE:$AE,"") -> C:\Users\gjoep\OneDrive\Desktop\Creative Systems\Archive\Art\Bizi\Concepts\trainnnn.webp | J13: =IF($I13="","",HYPERLINK($I13,"Open")) -> Open
A14: {=IFERROR(INDEX(Files!$AA:$AA,ROW()),"")} -> bizz2.jpg | B14: =_xlfn.XLOOKUP($A14,Files!$AA:$AA,Files!$AB:$AB,"") -> Art | C14: =_xlfn.XLOOKUP($A14,Files!$AA:$AA,Files!$AC:$AC,"") -> Bizi | D14: =_xlfn.XLOOKUP($A14,Files!$AA:$AA,Files!$AD:$AD,"") -> Events | E14: =_xlfn.XLOOKUP($A14,Files!$AF:$AF,Files!$AG:$AG,"") -> 0 | F14: =_xlfn.XLOOKUP($A14,Files!$AF:$AF,Files!$AH:$AH,"") -> 0 | G14: =_xlfn.XLOOKUP($A14,Files!$AF:$AF,Files!$AI:$AI,"") -> 0 | H14: =IF($E14="","NEEDS TAG","") | I14: =_xlfn.XLOOKUP($A14,Files!$AA:$AA,Files!$AE:$AE,"") -> C:\Users\gjoep\OneDrive\Desktop\Creative Systems\Archive\Art\Bizi\Events\bizz2.jpg | J14: =IF($I14="","",HYPERLINK($I14,"Open")) -> Open
A15: {=IFERROR(INDEX(Files!$AA:$AA,ROW()),"")} -> bizi 3 1.jpg | B15: =_xlfn.XLOOKUP($A15,Files!$AA:$AA,Files!$AB:$AB,"") -> Art | C15: =_xlfn.XLOOKUP($A15,Files!$AA:$AA,Files!$AC:$AC,"") -> Bizi | D15: =_xlfn.XLOOKUP($A15,Files!$AA:$AA,Files!$AD:$AD,"") -> Places | E15: =_xlfn.XLOOKUP($A15,Files!$AF:$AF,Files!$AG:$AG,"") -> 0 | F15: =_xlfn.XLOOKUP($A15,Files!$AF:$AF,Files!$AH:$AH,"") -> 0 | G15: =_xlfn.XLOOKUP($A15,Files!$AF:$AF,Files!$AI:$AI,"") -> 0 | H15: =IF($E15="","NEEDS TAG","") | I15: =_xlfn.XLOOKUP($A15,Files!$AA:$AA,Files!$AE:$AE,"") -> C:\Users\gjoep\OneDrive\Desktop\Creative Systems\Archive\Art\Bizi\Places\bizi 3 1.jpg | J15: =IF($I15="","",HYPERLINK($I15,"Open")) -> Open
... A797: {=IFERROR(INDEX(Files!$AA:$AA,ROW()),"")} -> 0 | B797: =_xlfn.XLOOKUP($A797,Files!$AA:$AA,Files!$AB:$AB,"") | C797: =_xlfn.XLOOKUP($A797,Files!$AA:$AA,Files!$AC:$AC,"") | D797: =_xlfn.XLOOKUP($A797,Files!$AA:$AA,Files!$AD:$AD,"") | E797: =_xlfn.XLOOKUP($A797,Files!$AF:$AF,Files!$AG:$AG,"") | F797: =_xlfn.XLOOKUP($A797,Files!$AF:$AF,Files!$AH:$AH,"") | G797: =_xlfn.XLOOKUP($A797,Files!$AF:$AF,Files!$AI:$AI,"") | H797: =IF($E797="","NEEDS TAG","") -> NEEDS TAG | I797: =_xlfn.XLOOKUP($A797,Files!$AA:$AA,Files!$AE:$AE,"") | J797: =IF($I797="","",HYPERLINK($I797,"Open"))
A798: =IFERROR(_xlfn.SINGLE(INDEX(Files!#REF!,ROW())),"") | B798: =IFERROR(_xludf.XLOOKUP($A798,Files!#REF!,Files!#REF!,""),"") | C798: =IFERROR(_xludf.XLOOKUP($A798,Files!#REF!,Files!#REF!,""),"") | D798: =IFERROR(_xludf.XLOOKUP($A798,Files!#REF!,Files!#REF!,""),"") | E798: =IFERROR(_xludf.XLOOKUP($A798,Files!$AF:$AF,Files!$AG:$AG,""),"") | F798: =IFERROR(_xludf.XLOOKUP($A798,Files!$AF:$AF,Files!$AH:$AH,""),"") | G798: =IFERROR(_xludf.XLOOKUP($A798,Files!$AF:$AF,Files!$AI:$AI,""),"") | H798: =IF($A798="","",IF(COUNTIF(Files!$AF:$AF,$A798)=0,"NEEDS TAG","")) | I798: =IFERROR(_xludf.XLOOKUP($A798,Files!#REF!,Files!#REF!,""),"") | J798: =IF($I798="","",HYPERLINK($I798,"Open"))
A799: =IFERROR(_xlfn.SINGLE(INDEX(Files!#REF!,ROW())),"") | B799: =IFERROR(_xludf.XLOOKUP($A799,Files!#REF!,Files!#REF!,""),"") | C799: =IFERROR(_xludf.XLOOKUP($A799,Files!#REF!,Files!#REF!,""),"") | D799: =IFERROR(_xludf.XLOOKUP($A799,Files!#REF!,Files!#REF!,""),"") | E799: =IFERROR(_xludf.XLOOKUP($A799,Files!$AF:$AF,Files!$AG:$AG,""),"") | F799: =IFERROR(_xludf.XLOOKUP($A799,Files!$AF:$AF,Files!$AH:$AH,""),"") | G799: =IFERROR(_xludf.XLOOKUP($A799,Files!$AF:$AF,Files!$AI:$AI,""),"") | H799: =IF($A799="","",IF(COUNTIF(Files!$AF:$AF,$A799)=0,"NEEDS TAG","")) | I799: =IFERROR(_xludf.XLOOKUP($A799,Files!#REF!,Files!#REF!,""),"") | J799: =IF($I799="","",HYPERLINK($I799,"Open"))
A800: =IFERROR(_xlfn.SINGLE(INDEX(Files!#REF!,ROW())),"") | B800: =IFERROR(_xludf.XLOOKUP($A800,Files!#REF!,Files!#REF!,""),"") | C800: =IFERROR(_xludf.XLOOKUP($A800,Files!#REF!,Files!#REF!,""),"") | D800: =IFERROR(_xludf.XLOOKUP($A800,Files!#REF!,Files!#REF!,""),"") | E800: =IFERROR(_xludf.XLOOKUP($A800,Files!$AF:$AF,Files!$AG:$AG,""),"") | F800: =IFERROR(_xludf.XLOOKUP($A800,Files!$AF:$AF,Files!$AH:$AH,""),"") | G800: =IFERROR(_xludf.XLOOKUP($A800,Files!$AF:$AF,Files!$AI:$AI,""),"") | H800: =IF($A800="","",IF(COUNTIF(Files!$AF:$AF,$A800)=0,"NEEDS TAG","")) | I800: =IFERROR(_xludf.XLOOKUP($A800,Files!#REF!,Files!#REF!,""),"") | J800: =IF($I800="","",HYPERLINK($I800,"Open"))
A801: =IFERROR(_xlfn.SINGLE(INDEX(Files!#REF!,ROW())),"") | B801: =IFERROR(_xludf.XLOOKUP($A801,Files!#REF!,Files!#REF!,""),"") | C801: =IFERROR(_xludf.XLOOKUP($A801,Files!#REF!,Files!#REF!,""),"") | D801: =IFERROR(_xludf.XLOOKUP($A801,Files!#REF!,Files!#REF!,""),"") | E801: =IFERROR(_xludf.XLOOKUP($A801,Files!$AF:$AF,Files!$AG:$AG,""),"") | F801: =IFERROR(_xludf.XLOOKUP($A801,Files!$AF:$AF,Files!$AH:$AH,""),"") | G801: =IFERROR(_xludf.XLOOKUP($A801,Files!$AF:$AF,Files!$AI:$AI,""),"") | H801: =IF($A801="","",IF(COUNTIF(Files!$AF:$AF,$A801)=0,"NEEDS TAG","")) | I801: =IFERROR(_xludf.XLOOKUP($A801,Files!#REF!,Files!#REF!,""),"") | J801: =IF($I801="","",HYPERLINK($I801,"Open"))
A802: =IFERROR(_xlfn.SINGLE(INDEX(Files!#REF!,ROW())),"") | B802: =IFERROR(_xludf.XLOOKUP($A802,Files!#REF!,Files!#REF!,""),"") | C802: =IFERROR(_xludf.XLOOKUP($A802,Files!#REF!,Files!#REF!,""),"") | D802: =IFERROR(_xludf.XLOOKUP($A802,Files!#REF!,Files!#REF!,""),"") | E802: =IFERROR(_xludf.XLOOKUP($A802,Files!$AF:$AF,Files!$AG:$AG,""),"") | F802: =IFERROR(_xludf.XLOOKUP($A802,Files!$AF:$AF,Files!$AH:$AH,""),"") | G802: =IFERROR(_xludf.XLOOKUP($A802,Files!$AF:$AF,Files!$AI:$AI,""),"") | H802: =IF($A802="","",IF(COUNTIF(Files!$AF:$AF,$A802)=0,"NEEDS TAG","")) | I802: =IFERROR(_xludf.XLOOKUP($A802,Files!#REF!,Files!#REF!,""),"") | J802: =IF($I802="","",HYPERLINK($I802,"Open"))
A803: =IFERROR(_xlfn.SINGLE(INDEX(Files!#REF!,ROW())),"") | B803: =IFERROR(_xludf.XLOOKUP($A803,Files!#REF!,Files!#REF!,""),"") | C803: =IFERROR(_xludf.XLOOKUP($A803,Files!#REF!,Files!#REF!,""),"") | D803: =IFERROR(_xludf.XLOOKUP($A803,Files!#REF!,Files!#REF!,""),"") | E803: =IFERROR(_xludf.XLOOKUP($A803,Files!$AF:$AF,Files!$AG:$AG,""),"") | F803: =IFERROR(_xludf.XLOOKUP($A803,Files!$AF:$AF,Files!$AH:$AH,""),"") | G803: =IFERROR(_xludf.XLOOKUP($A803,Files!$AF:$AF,Files!$AI:$AI,""),"") | H803: =IF($A803="","",IF(COUNTIF(Files!$AF:$AF,$A803)=0,"NEEDS TAG","")) | I803: =IFERROR(_xludf.XLOOKUP($A803,Files!#REF!,Files!#REF!,""),"") | J803: =IF($I803="","",HYPERLINK($I803,"Open"))
A804: =IFERROR(_xlfn.SINGLE(INDEX(Files!#REF!,ROW())),"") | B804: =IFERROR(_xludf.XLOOKUP($A804,Files!#REF!,Files!#REF!,""),"") | C804: =IFERROR(_xludf.XLOOKUP($A804,Files!#REF!,Files!#REF!,""),"") | D804: =IFERROR(_xludf.XLOOKUP($A804,Files!#REF!,Files!#REF!,""),"") | E804: =IFERROR(_xludf.XLOOKUP($A804,Files!$AF:$AF,Files!$AG:$AG,""),"") | F804: =IFERROR(_xludf.XLOOKUP($A804,Files!$AF:$AF,Files!$AH:$AH,""),"") | G804: =IFERROR(_xludf.XLOOKUP($A804,Files!$AF:$AF,Files!$AI:$AI,""),"") | H804: =IF($A804="","",IF(COUNTIF(Files!$AF:$AF,$A804)=0,"NEEDS TAG","")) | I804: =IFERROR(_xludf.XLOOKUP($A804,Files!#REF!,Files!#REF!,""),"") | J804: =IF($I804="","",HYPERLINK($I804,"Open"))
A805: =IFERROR(_xlfn.SINGLE(INDEX(Files!#REF!,ROW())),"") | B805: =IFERROR(_xludf.XLOOKUP($A805,Files!#REF!,Files!#REF!,""),"") | C805: =IFERROR(_xludf.XLOOKUP($A805,Files!#REF!,Files!#REF!,""),"") | D805: =IFERROR(_xludf.XLOOKUP($A805,Files!#REF!,Files!#REF!,""),"") | E805: =IFERROR(_xludf.XLOOKUP($A805,Files!$AF:$AF,Files!$AG:$AG,""),"") | F805: =IFERROR(_xludf.XLOOKUP($A805,Files!$AF:$AF,Files!$AH:$AH,""),"") | G805: =IFERROR(_xludf.XLOOKUP($A805,Files!$AF:$AF,Files!$AI:$AI,""),"") | H805: =IF($A805="","",IF(COUNTIF(Files!$AF:$AF,$A805)=0,"NEEDS TAG","")) | I805: =IFERROR(_xludf.XLOOKUP($A805,Files!#REF!,Files!#REF!,""),"") | J805: =IF($I805="","",HYPERLINK($I805,"Open"))
A806: =IFERROR(_xlfn.SINGLE(INDEX(Files!#REF!,ROW())),"") | B806: =IFERROR(_xludf.XLOOKUP($A806,Files!#REF!,Files!#REF!,""),"") | C806: =IFERROR(_xludf.XLOOKUP($A806,Files!#REF!,Files!#REF!,""),"") | D806: =IFERROR(_xludf.XLOOKUP($A806,Files!#REF!,Files!#REF!,""),"") | E806: =IFERROR(_xludf.XLOOKUP($A806,Files!$AF:$AF,Files!$AG:$AG,""),"") | F806: =IFERROR(_xludf.XLOOKUP($A806,Files!$AF:$AF,Files!$AH:$AH,""),"") | G806: =IFERROR(_xludf.XLOOKUP($A806,Files!$AF:$AF,Files!$AI:$AI,""),"") | H806: =IF($A806="","",IF(COUNTIF(Files!$AF:$AF,$A806)=0,"NEEDS TAG","")) | I806: =IFERROR(_xludf.XLOOKUP($A806,Files!#REF!,Files!#REF!,""),"") | J806: =IF($I806="","",HYPERLINK($I806,"Open"))
A807: =IFERROR(_xlfn.SINGLE(INDEX(Files!#REF!,ROW())),"") | B807: =IFERROR(_xludf.XLOOKUP($A807,Files!#REF!,Files!#REF!,""),"") | C807: =IFERROR(_xludf.XLOOKUP($A807,Files!#REF!,Files!#REF!,""),"") | D807: =IFERROR(_xludf.XLOOKUP($A807,Files!#REF!,Files!#REF!,""),"") | E807: =IFERROR(_xludf.XLOOKUP($A807,Files!$AF:$AF,Files!$AG:$AG,""),"") | F807: =IFERROR(_xludf.XLOOKUP($A807,Files!$AF:$AF,Files!$AH:$AH,""),"") | G807: =IFERROR(_xludf.XLOOKUP($A807,Files!$AF:$AF,Files!$AI:$AI,""),"") | H807: =IF($A807="","",IF(COUNTIF(Files!$AF:$AF,$A807)=0,"NEEDS TAG","")) | I807: =IFERROR(_xludf.XLOOKUP($A807,Files!#REF!,Files!#REF!,""),"") | J807: =IF($I807="","",HYPERLINK($I807,"Open"))
A808: =IFERROR(_xlfn.SINGLE(INDEX(Files!#REF!,ROW())),"") | B808: =IFERROR(_xludf.XLOOKUP($A808,Files!#REF!,Files!#REF!,""),"") | C808: =IFERROR(_xludf.XLOOKUP($A808,Files!#REF!,Files!#REF!,""),"") | D808: =IFERROR(_xludf.XLOOKUP($A808,Files!#REF!,Files!#REF!,""),"") | E808: =IFERROR(_xludf.XLOOKUP($A808,Files!$AF:$AF,Files!$AG:$AG,""),"") | F808: =IFERROR(_xludf.XLOOKUP($A808,Files!$AF:$AF,Files!$AH:$AH,""),"") | G808: =IFERROR(_xludf.XLOOKUP($A808,Files!$AF:$AF,Files!$AI:$AI,""),"") | H808: =IF($A808="","",IF(COUNTIF(Files!$AF:$AF,$A808)=0,"NEEDS TAG","")) | I808: =IFERROR(_xludf.XLOOKUP($A808,Files!#REF!,Files!#REF!,""),"") | J808: =IF($I808="","",HYPERLINK($I808,"Open"))
A809: =IFERROR(_xlfn.SINGLE(INDEX(Files!#REF!,ROW())),"") | B809: =IFERROR(_xludf.XLOOKUP($A809,Files!#REF!,Files!#REF!,""),"") | C809: =IFERROR(_xludf.XLOOKUP($A809,Files!#REF!,Files!#REF!,""),"") | D809: =IFERROR(_xludf.XLOOKUP($A809,Files!#REF!,Files!#REF!,""),"") | E809: =IFERROR(_xludf.XLOOKUP($A809,Files!$AF:$AF,Files!$AG:$AG,""),"") | F809: =IFERROR(_xludf.XLOOKUP($A809,Files!$AF:$AF,Files!$AH:$AH,""),"") | G809: =IFERROR(_xludf.XLOOKUP($A809,Files!$AF:$AF,Files!$AI:$AI,""),"") | H809: =IF($A809="","",IF(COUNTIF(Files!$AF:$AF,$A809)=0,"NEEDS TAG","")) | I809: =IFERROR(_xludf.XLOOKUP($A809,Files!#REF!,Files!#REF!,""),"") | J809: =IF($I809="","",HYPERLINK($I809,"Open"))
... A1000: =IFERROR(_xlfn.SINGLE(INDEX(Files!#REF!,ROW())),"") | B1000: =IFERROR(_xludf.XLOOKUP($A1000,Files!#REF!,Files!#REF!,""),"") | C1000: =IFERROR(_xludf.XLOOKUP($A1000,Files!#REF!,Files!#REF!,""),"") | D1000: =IFERROR(_xludf.XLOOKUP($A1000,Files!#REF!,Files!#REF!,""),"") | E1000: =IFERROR(_xludf.XLOOKUP($A1000,Files!$AF:$AF,Files!$AG:$AG,""),"") | F1000: =IFERROR(_xludf.XLOOKUP($A1000,Files!$AF:$AF,Files!$AH:$AH,""),"") | G1000: =IFERROR(_xludf.XLOOKUP($A1000,Files!$AF:$AF,Files!$AI:$AI,""),"") | H1000: =IF($A1000="","",IF(COUNTIF(Files!$AF:$AF,$A1000)=0,"NEEDS TAG","")) | I1000: =IFERROR(_xludf.XLOOKUP($A1000,Files!#REF!,Files!#REF!,""),"") | J1000: =IF($I1000="","",HYPERLINK($I1000,"Open"))
